ID,firstname,lastname,email,department,salary
1,Eward,Gingell,egingell0@furl.net,Support,$43.21
2,Erinna,Davydychev,edavydychev1@illinois.edu,Human Resources,$93.44
3,Dorey,Huddy,dhuddy2@europa.eu,Business Development,$72.14
4,Delmor,Cazalet,dcazalet3@cyberchimps.com,Product Management,$62.29
5,Irv,Carlesi,icarlesi4@arizona.edu,Business Development,$78.41
6,Fifi,Sussems,fsussems5@merriam-webster.com,Legal,$37.44
7,Willyt,Iamittii,wiamittii6@cbc.ca,Business Development,$96.36
8,Carlie,Burniston,cburniston7@woothemes.com,Training,$24.98
9,Emilio,McQuilkin,emcquilkin8@businessinsider.com,Human Resources,$20.50
10,Fulton,Schulter,fschulter9@phpbb.com,Support,$53.00
11,Carmita,Portt,cportta@ucla.edu,Legal,$40.86
12,Malynda,Soares,msoaresb@tmall.com,Human Resources,$28.49
13,Josselyn,Sigmund,jsigmundc@wsj.com,Services,$21.27
14,Mata,Searchwell,msearchwelld@alibaba.com,Engineering,$67.14
15,Dolf,Klehyn,dklehyne@linkedin.com,Services,$51.84
16,Cyndia,Harlin,charlinf@over-blog.com,Support,$27.77
17,Albie,Laye,alayeg@wordpress.org,Legal,$82.30
18,Freida,Sellick,fsellickh@gravatar.com,Services,$76.72
19,Dukey,Raffles,drafflesi@auda.org.au,Training,$92.65
20,Bevin,Shiel,bshielj@chronoengine.com,Engineering,$20.55
21,Arabel,Strode,astrodek@ft.com,Marketing,$59.10
22,Bernette,Biddleston,bbiddlestonl@blogs.com,Legal,$79.59
23,Derrick,Keyworth,dkeyworthm@live.com,Business Development,$26.93
24,Nelle,Matschoss,nmatschossn@istockphoto.com,Engineering,$90.90
25,Caria,Stones,cstoneso@wiley.com,Business Development,$41.91
26,Fawnia,Druett,fdruettp@cocolog-nifty.com,Marketing,$73.81
27,Madlin,Gamlyn,mgamlynq@patch.com,Services,$44.02
28,Aguste,Hoble,ahobler@dagondesign.com,Marketing,$94.27
29,Forrester,Bedbury,fbedburys@bing.com,Marketing,$52.37
30,Major,Skade,mskadet@bing.com,Sales,$67.05
31,Angel,Proffitt,aproffittu@reverbnation.com,Business Development,$72.32
32,Dulci,Lusher,dlusherv@dot.gov,Support,$53.13
33,Sasha,Van Dale,svandalew@yellowpages.com,Research and Development,$89.43
34,Wallas,Merwede,wmerwedex@taobao.com,Legal,$24.41
35,Syd,Costanza,scostanzay@last.fm,Marketing,$46.48
36,Maggi,Shallo,mshalloz@pcworld.com,Services,$84.51
37,Toddy,Chesterfield,tchesterfield10@goodreads.com,Product Management,$40.16
38,Jervis,Red,jred11@hhs.gov,Engineering,$63.28
39,Torre,Maneylaws,tmaneylaws12@ucla.edu,Support,$54.47
40,Madonna,Slorance,mslorance13@flickr.com,Human Resources,$53.66
41,Mab,Blunsen,mblunsen14@theguardian.com,Legal,$24.68
42,Eimile,Corran,ecorran15@sciencedirect.com,Sales,$54.92
43,Devinne,Sheavills,dsheavills16@chronoengine.com,Human Resources,$91.69
44,Sue,Essberger,sessberger17@yale.edu,Engineering,$91.97
45,Jayson,Steinor,jsteinor18@admin.ch,Human Resources,$79.82
46,Wanids,Rennix,wrennix19@archive.org,Product Management,$91.03
47,Margarette,Mattin,mmattin1a@nytimes.com,Human Resources,$79.51
48,Cullin,Peniello,cpeniello1b@furl.net,Research and Development,$34.68
49,Kin,Feely,kfeely1c@hc360.com,Product Management,$42.41
50,Merrily,Brisset,mbrisset1d@i2i.jp,Legal,$37.55
51,Elton,Zimmerman,ezimmerman1e@com.com,Legal,$48.29
52,Janis,Conlaund,jconlaund1f@goo.gl,Human Resources,$94.97
53,Kendra,Fogden,kfogden1g@uol.com.br,Support,$65.03
54,Andree,Gors,agors1h@cbsnews.com,Marketing,$44.03
55,Alverta,Lelliott,alelliott1i@about.me,Human Resources,$25.33
56,Elnar,Johanchon,ejohanchon1j@buzzfeed.com,Legal,$22.30
57,Harley,Baradel,hbaradel1k@youtu.be,Business Development,$54.25
58,Louie,Kensley,lkensley1l@umich.edu,Research and Development,$37.20
59,Trstram,McEneny,tmceneny1m@phoca.cz,Product Management,$24.72
60,Killian,Rennebeck,krennebeck1n@techcrunch.com,Marketing,$51.01
61,Gardy,Cromley,gcromley1o@tuttocitta.it,Legal,$95.76
62,Filip,Farriar,ffarriar1p@a8.net,Engineering,$83.06
63,Nonnah,Olner,nolner1q@arstechnica.com,Product Management,$89.49
64,Misha,Backshaw,mbackshaw1r@hexun.com,Legal,$37.44
65,Bren,Matiashvili,bmatiashvili1s@cdbaby.com,Human Resources,$75.90
66,Blithe,Cadlock,bcadlock1t@imgur.com,Support,$92.67
67,Tandi,Sarfat,tsarfat1u@shareasale.com,Support,$25.84
68,Kareem,Mc Caughan,kmccaughan1v@istockphoto.com,Services,$75.45
69,Ardine,Kluss,akluss1w@mapquest.com,Marketing,$48.54
70,Helaina,Trenoweth,htrenoweth1x@prweb.com,Services,$39.92
71,Audie,Cantos,acantos1y@nsw.gov.au,Marketing,$84.19
72,Lauralee,Pionter,lpionter1z@ihg.com,Services,$82.72
73,Gallagher,Llopis,gllopis20@etsy.com,Human Resources,$41.51
74,Colin,Dallewater,cdallewater21@linkedin.com,Services,$95.55
75,Mirabelle,Yukhnini,myukhnini22@ifeng.com,Services,$39.99
76,Jacquetta,Vibert,jvibert23@blogtalkradio.com,Services,$55.99
77,Grete,Middis,gmiddis24@craigslist.org,Business Development,$98.86
78,Abraham,Stuttard,astuttard25@cnbc.com,Marketing,$20.36
79,Brockie,Lakes,blakes26@jiathis.com,Accounting,$81.12
80,Leeann,Tesmond,ltesmond27@webeden.co.uk,Research and Development,$98.03
81,Tanya,Bartrop,tbartrop28@wired.com,Accounting,$85.65
82,Emmie,Skellen,eskellen29@usa.gov,Human Resources,$25.65
83,Nancy,Morby,nmorby2a@pinterest.com,Marketing,$42.70
84,Ermina,Spellessy,espellessy2b@mtv.com,Research and Development,$20.34
85,Adeline,Farren,afarren2c@free.fr,Services,$93.82
86,Reinold,Leemans,rleemans2d@mysql.com,Training,$20.06
87,Aggy,Maeer,amaeer2e@multiply.com,Engineering,$24.36
88,Andrea,Pattisson,apattisson2f@jimdo.com,Engineering,$46.21
89,Floris,Zimmermanns,fzimmermanns2g@netvibes.com,Engineering,$90.71
90,Constantina,Claughton,cclaughton2h@posterous.com,Human Resources,$62.11
91,Nydia,Hymer,nhymer2i@ftc.gov,Human Resources,$94.99
92,Evelyn,Brangan,ebrangan2j@xrea.com,Services,$41.38
93,Lorry,Nicholl,lnicholl2k@google.com.hk,Product Management,$29.68
94,Adler,Fenny,afenny2l@sciencedaily.com,Business Development,$83.70
95,Tonye,Lambertazzi,tlambertazzi2m@princeton.edu,Legal,$71.84
96,Romonda,Earey,rearey2n@goodreads.com,Human Resources,$50.68
97,Whit,Schukert,wschukert2o@prlog.org,Research and Development,$34.28
98,Karrie,Titchen,ktitchen2p@cisco.com,Research and Development,$30.95
99,Peggi,Doggerell,pdoggerell2q@digg.com,Accounting,$27.40
100,Janeen,Wayman,jwayman2r@google.com.hk,Services,$92.40
